<?xml version="1.0" encoding="UTF-8"?>
<project-private xmlns="http://www.netbeans.org/ns/project-private/1">
    <editor-bookmarks xmlns="http://www.netbeans.org/ns/editor-bookmarks/2" lastBookmarkId="0"/>
    <open-files xmlns="http://www.netbeans.org/ns/projectui-open-files/2">
        <group>
            <file>file:/Users/josh/Desktop/School/COE%20528/BankApp/BankApp/BankApp/src/coe528/project/Customer.java</file>
            <file>file:/Users/josh/Desktop/School/COE%20528/BankApp/BankApp/BankApp/src/coe528/project/Gui.java</file>
            <file>file:/Users/josh/Desktop/School/COE%20528/BankApp/BankApp/BankApp/src/coe528/project/Manager.java</file>
            <file>file:/Users/josh/Desktop/School/COE%20528/BankApp/BankApp/BankApp/src/coe528/project/SilverCustomer.java</file>
            <file>file:/Users/josh/Desktop/School/COE%20528/BankApp/BankApp/BankApp/src/coe528/project/PlatinumCustomer.java</file>
            <file>file:/Users/josh/Desktop/School/COE%20528/BankApp/BankApp/BankApp/src/coe528/project/GoldCustomer.java</file>
        </group>
    </open-files>
</project-private>
